town_name,DIST_NAME,score,,,,,,
Abington,Abington,100,,,,,,
Acushnet Center,New Bedford,54,,,,,,
Adams,North Adams,62,,,,,,
Agawam Town,Agawam,71,,,,,,
Amesbury Town,Amesbury,76,,,,,,
Amherst Town,Amherst-Pelham,67,,,,,,
Andover,Andover,100,,,,,,
Arlington,Arlington,100,,,,,,
Ashburnham,Ashburnham-Westminster,62,,,,,,
Ashland,Ashland,100,,,,,,
Athol,Athol-Royalston,50,,,,,,
Attleboro,Attleboro,100,,,,,,
Auburn,Auburn,100,,,,,,
Avon,Avon,100,,,,,,
Ayer,Ayer Shirley School District,60,,,,,,
Barnstable Town,Barnstable,80,,,,,,
Bedford,Bedford,100,,,,,,
Belchertown,Belchertown,100,,,,,,
Bellingham,Bellingham,100,,,,,,
Belmont,Belmont,100,,,,,,
Boston,Boston,100,,,,,,
Bourne,Bourne,100,,,,,,
Braintree Town,Braintree,78,,,,,,
Bridgewater Town,West Bridgewater,81,,,,,,
Brockton,Brockton,100,,,,,,
Brookline,Brookline,100,,,,,,
Burlington,Burlington,100,,,,,,
Cambridge,Cambridge,100,,,,,,
Chelsea,Chelsea,100,,,,,,
Chicopee,Chicopee,100,,,,,,
Clinton,Clinton,100,,,,,,
Danvers,Danvers,100,,,,,,Spencer-E Brookfield
Dedham,Dedham,100,,,,,,
Dennis,Dennis-Yarmouth,57,,,,,,
Duxbury,Duxbury,100,,,,,,
East Longmeadow,East Longmeadow,100,,,,,,
Easthampton Town,Easthampton,81,,,,,,
Everett,Everett,100,,,,,,
Fairhaven,Fairhaven,100,,,,,,
Fall River,Fall River,100,,,,,,
Falmouth,Falmouth,100,,,,,,
Fitchburg,Fitchburg,100,,,,,,
Foxborough,Foxborough,100,,,,,,
Framingham,Framingham,100,,,,,,
Franklin Town,Franklin,76,,,,,,
Gardner,Gardner,100,,,,,,
Gloucester,Gloucester,100,,,,,,
Granby,Granby,100,,,,,,
Greenfield,Greenfield,100,,,,,,
Groton,Groton-Dunstable,71,,,,,,
Hadley,Hadley,100,,,,,,
Hamilton,Milton,86,,,,,,
Hampden,Hampden-Wilbraham,62,,,,,,
Hampshire,Hampshire,100,,,,,,
Hanover,Hanover,100,,,,,,
Harvard,Harvard,100,,,,,,
Hatfield,Hatfield,100,,,,,,
Haverhill,Haverhill,100,,,,,,
Hingham,Hingham,100,,,,,,
Holbrook,Holbrook,100,,,,,,
Holliston,Holliston,100,,,,,,
Holyoke,Holyoke,100,,,,,,
Hopedale,Hopedale,100,,,,,,
Hopkinton,Hopkinton,100,,,,,,
Hudson,Hudson,100,,,,,,
Hull,Hull,100,,,,,,
Ipswich,Ipswich,100,,,,,,
Kingston,Silver Lake,75,,,,,,
Lawrence,Lawrence,100,,,,,,
Lee,Lee,100,,,,,,
Lenox,Lenox,100,,,,,,
Leominster,Leominster,100,,,,,,
Lexington,Lexington,100,,,,,,
Littleton Common,Littleton,72,,,,,,
Longmeadow,Longmeadow,100,,,,,,
Lowell,Lowell,100,,,,,,
Lunenburg,Lunenburg,100,,,,,,
Lynn,Lynn,100,,,,,,
Lynnfield,Lynnfield,100,,,,,,
Malden,Malden,100,,,,,,
Mansfield Center,Mansfield,72,,,,,,
Marblehead,Marblehead,100,,,,,,
Marlborough,Marlborough,100,,,,,,
Marshfield,Marshfield,100,,,,,,
Mashpee,Mashpee,100,,,,,,
Maynard,Maynard,100,,,,,,
Medfield,Medfield,100,,,,,,
Medford,Medford,100,,,,,,
Medway,Medway,100,,,,,,
Melrose,Melrose,100,,,,,,
Methuen Town,Methuen,74,,,,,,
Middleborough Center,Middleborough,79,,,,,,
Milford,Milford,100,,,,,,
Millis-Clicquot,Millis,57,,,,,,
Milton,Milton,100,,,,,,
Monson Center,Monson,63,,,,,,
Nantucket,Nantucket,100,,,,,,
Needham,Needham,100,,,,,,
New Bedford,New Bedford,100,,,,,,
Newburyport,Newburyport,100,,,,,,
Newton,Newton,100,,,,,,
North Adams,North Adams,100,,,,,,
North Attleborough Town,North Attleborough,88,,,,,,
North Brookfield,North Brookfield,100,,,,,,
Northampton,Northampton,100,,,,,,
Northborough,Northboro-Southboro,73,,,,,,
Northbridge,Northbridge,100,,,,,,
Norton Center,Norton,63,,,,,,
Norwood,Norwood,100,,,,,,
Oak Bluffs,Oak Bluffs,100,,,,,,
Orange,Orange,100,,,,,,
Oxford,Oxford,100,,,,,,
Palmer Town,Palmer,71,,,,,,
Peabody,Peabody,100,,,,,,
Pembroke,Pembroke,100,,,,,,
Pittsfield,Pittsfield,100,,,,,,
Plymouth,Plymouth,100,,,,,,
Quincy,Quincy,100,,,,,,
Randolph Town,Randolph,76,,,,,,
Reading,Reading,100,,,,,,
Revere,Revere,100,,,,,,
Rockland,Rockland,100,,,,,,
Rockport,Rockport,100,,,,,,
Salem,Salem,100,,,,,,
Sandwich,Sandwich,100,,,,,,
Saugus,Saugus,100,,,,,,
Scituate,Scituate,100,,,,,,
Sharon,Sharon,100,,,,,,
Shrewsbury,Shrewsbury,100,,,,,,
Somerville,Somerville,100,,,,,,
South Hadley,South Hadley,100,,,,,,
Southbridge Town,Southbridge,81,,,,,,
Springfield,Springfield,100,,,,,,
Stoneham,Stoneham,100,,,,,,
Stoughton,Stoughton,100,,,,,,
Swampscott,Swampscott,100,,,,,,
Taunton,Taunton,100,,,,,,
Tewksbury,Tewksbury,100,,,,,,
Uxbridge,Uxbridge,100,,,,,,
Wakefield,Wakefield,100,,,,,,
Walpole,Walpole,100,,,,,,
Waltham,Waltham,100,,,,,,
Ware,Ware,100,,,,,,
Wareham Center,Wareham,67,,,,,,
Watertown Town,Watertown,78,,,,,,
Wayland,Wayland,100,,,,,,
Webster,Webster,100,,,,,,
Wellesley,Wellesley,100,,,,,,
West Boylston,West Boylston,100,,,,,,
West Bridgewater,West Bridgewater,100,,,,,,
West Springfield Town,West Springfield,86,,,,,,
Westborough,Westborough,100,,,,,,
Westfield,Westfield,100,,,,,,
Westford,Westford,100,,,,,,
Weston,Weston,100,,,,,,
Westport,Westport,100,,,,,,
Westwood,Westwood,100,,,,,,
Weymouth Town,Weymouth,76,,,,,,
Whitman,Whitman-Hanson,67,,,,,,
Wilmington,Wilmington,100,,,,,,
Winchendon,Winchendon,100,,,,,,
Winchester,Winchester,100,,,,,,
Winthrop Town,Winthrop,76,,,,,,
Woburn,Woburn,100,,,,,,
Worcester,Worcester,100,,,,,,
Seabrook,Holbrook,0,,,,,,
Mashpee Neck,Mashpee,100,,,,,,
Hanson,Canton,0,,,,,,
South Lancaster,South Hadley,0,,,,,,
Beverly,Beverly,100,,,,,,
North Scituate,Scituate,100,,,,,,
Salisbury,Amesbury,0,,,,,,
Dover,Andover,0,,,,,,
Northfield,Marshfield,0,,,,,,
Pinehurst,Winchester,0,,,,,,
Cochituate,Wayland,100,,,,,,
East Falmouth,Falmouth,100,,,,,,
Teaticket,Natick,0,,,,,,
East Harwich,Ipswich,0,,,,,,
Harwich Center,Sandwich,0,,,,,,
Harwich Port,Rockport,0,,,,,,
Northwest Harwich,North Andover,0,,,,,,
North Eastham,North Adams,0,,,,,,
North Plymouth,Plymouth,100,,,,,,
Huntington,Burlington,0,,,,,,
Somerset,Melrose,0,,,,,,
Ocean Grove,Rockland,0,,,,,,
Bliss Corner,Bourne,0,,,,,,
Whitinsville,Somerville,0,,,,,,
East Brookfield,North Brookfield,0,,,,,,
Smith Mills,Millis,0,,,,,,
West Yarmouth,Dennis-Yarmouth,100,,,,,,
Yarmouth Port,Dennis-Yarmouth,100,,,,,,
South Yarmouth,Dennis-Yarmouth,69,,,,,,
Hanscom AFB,Masconomet,0,,,,,,
Devens,Danvers,0,,,,,,
North Lakeville,Silver Lake,0,,,,,,
Townsend,Monson,0,,,,,,
Holland,Ashland,0,,,,,,
Williamstown,Holliston,0,,,,,,
Orleans,Douglas,0,,,,,,
Provincetown,Brockton,0,,,,,,
Lenox Dale,Lenox,100,,,,,,
West Concord,West Boylston,0,,,,,,
Rowley,Brookline,0,,,,,,
Boxford,Oxford,0,,,,,,
Topsfield,Pittsfield,0,,,,,,
Weweantic,Natick,0,,,,,,
Marion Center,Canton,0,,,,,,
Mattapoisett Center,Narragansett,0,,,,,,
East Dennis,Dennis-Yarmouth,100,,,,,,
South Dennis,Dennis-Yarmouth,100,,,,,,
East Sandwich,Sandwich,100,,,,,,
Buzzards Bay,Maynard,0,,,,,,
Monument Beach,Masconomet,0,,,,,,
Pocasset,Bourne,100,,,,,,
Dennis Port,Dennis-Yarmouth,100,,,,,,
West Dennis,Dennis-Yarmouth,100,,,,,,
Forestdale,Hopedale,0,,,,,,
Sagamore,Agawam,0,,,,,,
East Pepperell,Amherst-Pelham,0,,,,,,
Pepperell,Revere,0,,,,,,
Millers Falls,Fall River,0,,,,,,
Wilbraham,Hampden-Wilbraham,0,,,,,,
Cheshire,Hampshire,0,,,,,,
Housatonic,Holliston,0,,,,,,
North Pembroke,Pembroke,100,,,,,,
Onset,Nauset,0,,,,,,
West Wareham,Wareham,100,,,,,,
White Island Shores,Whitman-Hanson,0,,,,,,
Raynham Center,Bridgewater-Raynham,100,,,,,,
North Seekonk,Seekonk,100,,,,,,
North Westport,Westport,100,,,,,,
Sturbridge,Uxbridge,0,,,,,,
West Warren,West Bridgewater,0,,,,,,
Warren,Ware,80,,,,,,
Brookfield,North Brookfield,100,,,,,,
Fiskdale,Salem,0,,,,,,
Shirley,Hadley,0,,,,,,
The Pinehills,Pioneer Valley,0,,,,,,
Russell,Norwell,0,,,,,,
Marshfield Hills,Marshfield,100,,,,,,
Ocean Bluff-Brant Rock,Norfolk County Agricultural,0,,,,,,
Cordaville,Somerville,0,,,,,,
Great Barrington,Arlington,0,,,,,,
Turners Falls,Fall River,0,,,,,,
South Deerfield,North Brookfield,0,,,,,,
Deerfield,Greenfield,0,,,,,,
Nahant,Ashland,0,,,,,,
North Falmouth,Falmouth,100,,,,,,
Chatham,Waltham,0,,,,,,
West Chatham,Ashburnham-Westminster,0,,,,,,
West Falmouth,Falmouth,100,,,,,,
Monomoscoy Island,Mashpee,100,,,,,,
Popponesset,Cohasset,0,,,,,,
Seconsett Island,Swampscott,0,,,,,,
New Seabury,Tewksbury,0,,,,,,
Popponesset Island,Old Rochester,0,,,,,,
Brewster,Worcester,0,,,,,,
Woods Hole,Norwood,0,,,,,,
Essex,Chelsea,0,,,,,,
South Duxbury,Duxbury,100,,,,,,
Cedar Crest,East Bridgewater,0,,,,,,
South Ashburnham,Ashburnham-Westminster,100,,,,,,
Rutland,Rockland,0,,,,,,
Upton,Sutton,0,,,,,,
Vineyard Haven,Martha's Vineyard,0,,,,,,
Baldwinville,Blackstone-Millville,0,,,,,,
Shelburne Falls,Fall River,0,,,,,,
Green Harbor,Dover-Sherborn,0,,,,,,
Chester,Winchester,0,,,,,,
Blandford,Bedford,0,,,,,,
East Douglas,Douglas,100,,,,,,
West Brookfield,North Brookfield,100,,,,,,
Barre,Ware,0,,,,,,
Spencer,Pentucket,0,,,,,,
Edgartown,Easton,0,,,,,,
Madaket,Malden,0,,,,,,
Siasconset,Masconomet,0,,,,,,
Petersham,Needham,0,,,,,,
