town_name,region_name
Abington,Abington
Acton,Acton
Acushnet,Acushnet
Adams,Adams
Agawam Town,Agawam
Amesbury Town,Amesbury
Amherst Town,Amherst
Andover,Andover
Aquinnah,Aquinnah
Arlington,Arlington
Ashburnham,Ashburnham
Ashby,Ashby
Ashfield,Ashfield
Ashland,Ashland
Athol,Athol
Attleboro,Attleboro
Auburn,Auburn
Avon,Avon
Ayer,Ayer
Templeton,Baldwinville
Barnstable Town,Barnstable
Barre,Barre
Becket,Becket
Bedford,Bedford
Belchertown,Belchertown
Bellingham,Bellingham
Belmont,Belmont
Berkley,Berkley
Berlin,Berlin
Bernardston,Bernardston
Beverly,Beverly
Billerica,Billerica
Blackstone,Blackstone
Blandford,Blandford
Bolton,Bolton
Boston,Boston
Bourne,Bourne
Boxborough,Boxboro
Boxford,Boxford
Boylston,Boylston
Braintree Town,Braintree
Brewster,Brewster
Bridgewater Town,Bridgewater
Brimfield,Brimfield
Brockton,Brockton
Brookfield,Brookfield
Brookline,Brookline
Buckland,Buckland
Burlington,Burlington
Cambridge,Cambridge
Canton,Canton
Carlisle,Carlisle
Carver,Carver
Charlemont,Charlemont
Charlton,Charlton
Chatham,Chatham
Chelmsford,Chelmsford
Chelsea,Chelsea
Cheshire,Cheshire
Chester,Chester
Chesterfield,Chesterfield
Chicopee,Chicopee
Chilmark,Chilmark
Clarksburg,Clarksburg
Clinton,Clinton
Cohasset,Cohasset
Colrain,Colrain
Concord,Concord
Conway,Conway
Cummington,Cummington
Dalton,Dalton
Danvers,Danvers
Dartmouth,Dartmouth
Dedham,Dedham
Deerfield,Deerfield
Dennis,Dennis
Harvard,Devens
Dighton,Dighton
Douglas,Douglas
Dover,Dover
Dracut,Dracut
Dudley,Dudley
Dunstable,Dunstable
Duxbury,Duxbury
East Bridgewater,East Bridgewater
East Brookfield,East Brookfield
East Longmeadow,East Longmeadow
Sandwich,East Sandwich
Eastham,Eastham
Easthampton Town,Easthampton
Easton,Easton
Edgartown,Edgartown
Egremont,Egremont
Erving,Erving
Essex,Essex
Everett,Everett
Fairhaven,Fairhaven
Fall River,Fall River
Falmouth,Falmouth
Fitchburg,Fitchburg
Florida,Florida
Foxborough,Foxborough
Framingham,Framingham
Franklin Town,Franklin
Freetown,Freetown
Gardner,Gardner
Georgetown,Georgetown
Gill,Gill
Gloucester,Gloucester
Goshen,Goshen
Grafton,Grafton
Granby,Granby
Granville,Granville
Great Barrington,Great Barrington
Greenfield,Greenfield
Groton,Groton
Groveland,Groveland
Hadley,Hadley
Halifax,Halifax
Hamilton,Hamilton
Hampden,Hampden
Hancock,Hancock
Hanover,Hanover
Hanson,Hanson
Hardwick,Hardwick
Harwich,Harwich
Hatfield,Hatfield
Haverhill,Haverhill
Heath,Heath
Hingham,Hingham
Hinsdale,Hinsdale
Holbrook,Holbrook
Holden,Holden
Holland,Holland
Holliston,Holliston
Holyoke,Holyoke
Hopedale,Hopedale
Hopkinton,Hopkinton
Hubbardston,Hubbardston
Hudson,Hudson
Hull,Hull
Huntington,Huntington
Ipswich,Ipswich
Kingston,Kingston
Lakeville,Lakeville
Lancaster,Lancaster
Lanesborough,Lanesboro
Lawrence,Lawrence
Lee,Lee
Leicester,Leicester
Lenox,Lenox
Leominster,Leominster
Leverett,Leverett
Lexington,Lexington
Leyden,Leyden
Lincoln,Lincoln
Littleton,Littleton
Longmeadow,Longmeadow
Lowell,Lowell
Ludlow,Ludlow
Lunenburg,Lunenburg
Lynn,Lynn
Lynnfield,Lynnfield
Malden,Malden
Manchester-by-the-Sea,Manchester
Mansfield,Mansfield
Marblehead,Marblehead
Marion,Marion
Marlborough,Marlborough
Marshfield,Marshfield
Mashpee,Mashpee
Mattapoisett,Mattapoisett
Maynard,Maynard
Medfield,Medfield
Medford,Medford
Medway,Medway
Melrose,Melrose
Mendon,Mendon
Merrimac,Merrimac
Methuen Town,Methuen
Middleborough,Middleborough
Middlefield,Middlefield
Middleton,Middleton
Milford,Milford
Millbury,Millbury
Montague,Millers Falls
Millis,Millis
Millville,Millville
Milton,Milton
Monson,Monson
Monterey,Monterey
Montgomery,Montgomery
Nahant,Nahant
Nantucket,Nantucket
Natick,Natick
Needham,Needham
New Bedford,New Bedford
New Braintree,New Braintree
New Salem,New Salem
Newbury,Newbury
Newburyport,Newburyport
Newton,Newton
Norfolk,Norfolk
North Adams,North Adams
North Andover,North Andover
North Attleborough Town,North Attleboro
North Brookfield,North Brookfield
Northampton,Northampton
Northborough,Northborough
Northbridge,Northbridge
Northfield,Northfield
Norton,Norton
Norwell,Norwell
Norwood,Norwood
Oak Bluffs,Oak Bluffs
Oakham,Oakham
Orange,Orange
Orleans,Orleans
Otis,Otis
Oxford,Oxford
Palmer Town,Palmer
Paxton,Paxton
Peabody,Peabody
Pelham,Pelham
Pembroke,Pembroke
Pepperell,Pepperell
Peru,Peru
Petersham,Petersham
Phillipston,Phillipston
Pittsfield,Pittsfield
Plainfield,Plainfield
Plainville,Plainville
Plymouth,Plymouth
Plympton,Plympton
Princeton,Princeton
Provincetown,Provincetown
Quincy,Quincy
Randolph Town,Randolph
Raynham,Raynham
Reading,Reading
Rehoboth,Rehoboth
Revere,Revere
Richmond,Richmond
Rochester,Rochester
Rockland,Rockland
Rockport,Rockport
Rowe,Rowe
Rowley,Rowley
Royalston,Royalston
Russell,Russell
Rutland,Rutland
Salem,Salem
Salisbury,Salisbury
Sandisfield,Sandisfield
Saugus,Saugus
Savoy,Savoy
Scituate,Scituate
Seekonk,Seekonk
Sharon,Sharon
Sheffield,Sheffield
Shelburne,Shelburne
Sherborn,Sherborn
Shirley,Shirley
Shrewsbury,Shrewsbury
Shutesbury,Shutesbury
Somerset,Somerset
Somerville,Somerville
South Hadley,South Hadley
Southampton,Southampton
Southborough,Southborough
Southbridge Town,Southbridge
Southwick,Southwick
Spencer,Spencer
Springfield,Springfield
Sterling,Sterling
Stockbridge,Stockbridge
Stoneham,Stoneham
Stoughton,Stoughton
Stow,Stow
Sturbridge,Sturbridge
Sudbury,Sudbury
Sunderland,Sunderland
Sutton,Sutton
Swampscott,Swampscott
Swansea,Swansea
Taunton,Taunton
Tewksbury,Tewksbury
Tisbury,Tisbury
Tolland,Tolland
Topsfield,Topsfield
Townsend,Townsend
Truro,Truro
Tyngsborough,Tyngsboro
Tyringham,Tyringham
Upton,Upton
Uxbridge,Uxbridge
Wakefield,Wakefield
Wales,Wales
Walpole,Walpole
Waltham,Waltham
Ware,Ware
Wareham,Wareham
Warren,Warren
Warwick,Warwick
Washington,Washington
Watertown Town,Watertown
Wayland,Wayland
Webster,Webster
Wellesley,Wellesley
Wellfleet,Wellfleet
Wendell,Wendell
Wenham,Wenham
West Boylston,West Boylston
West Bridgewater,West Bridgewater
West Brookfield,West Brookfield
West Newbury,West Newbury
West Springfield Town,West Springfield
West Stockbridge,West Stockbridge
West Tisbury,West Tisbury
Westborough,Westborough
Westfield,Westfield
Westford,Westford
Westhampton,Westhampton
Westminster,Westminster
Weston,Weston
Westport,Westport
Westwood,Westwood
Weymouth Town,Weymouth
Whately,Whately
Whitman,Whitman
Wilbraham,Wilbraham
Williamsburg,Williamsburg
Williamstown,Williamstown
Wilmington,Wilmington
Winchendon,Winchendon
Winchester,Winchester
Windsor,Windsor
Winthrop Town,Winthrop
Woburn,Woburn
Worcester,Worcester
Worthington,Worthington
Wrentham,Wrentham
Yarmouth,Yarmouth
